-- phpMyAdmin SQL Dump
-- version 4.8.0.1
-- https://www.phpmyadmin.net/
--
-- Host: 127.0.0.1
-- Generation Time: Nov 05, 2020 at 09:31 PM
-- Server version: 10.1.32-MariaDB
-- PHP Version: 7.2.5

SET SQL_MODE = "NO_AUTO_VALUE_ON_ZERO";
SET AUTOCOMMIT = 0;
START TRANSACTION;
SET time_zone = "+00:00";


/*!40101 SET @OLD_CHARACTER_SET_CLIENT=@@CHARACTER_SET_CLIENT */;
/*!40101 SET @OLD_CHARACTER_SET_RESULTS=@@CHARACTER_SET_RESULTS */;
/*!40101 SET @OLD_COLLATION_CONNECTION=@@COLLATION_CONNECTION */;
/*!40101 SET NAMES utf8mb4 */;

--
-- Database: `db_pos`
--

-- --------------------------------------------------------

--
-- Table structure for table `outlet`
--

CREATE TABLE `outlet` (
  `outlet_id` varchar(100) NOT NULL,
  `name` varchar(50) NOT NULL,
  `address` text,
  `phone` varchar(20) DEFAULT NULL,
  `created` datetime NOT NULL DEFAULT CURRENT_TIMESTAMP,
  `updated` datetime DEFAULT NULL
) ENGINE=InnoDB DEFAULT CHARSET=latin1;

--
-- Dumping data for table `outlet`
--

INSERT INTO `outlet` (`outlet_id`, `name`, `address`, `phone`, `created`, `updated`) VALUES
('1802010340510', 'Telaga', 'Kaltim', '0852', '2020-11-05 16:38:00', NULL);

-- --------------------------------------------------------

--
-- Table structure for table `p_item`
--

CREATE TABLE `p_item` (
  `item_id` varchar(100) NOT NULL,
  `barcode` varchar(100) DEFAULT NULL,
  `name` varchar(100) DEFAULT NULL,
  `category_id` varchar(100) NOT NULL,
  `unit_id` varchar(100) NOT NULL,
  `price` int(11) DEFAULT NULL,
  `stock` int(11) NOT NULL DEFAULT '0',
  `beli` int(11) DEFAULT NULL,
  `created` datetime NOT NULL DEFAULT CURRENT_TIMESTAMP,
  `updated` datetime DEFAULT NULL,
  `user_id` varchar(100) NOT NULL,
  `outlet_id` varchar(100) NOT NULL
) ENGINE=InnoDB DEFAULT CHARSET=latin1;

--
-- Dumping data for table `p_item`
--

INSERT INTO `p_item` (`item_id`, `barcode`, `name`, `category_id`, `unit_id`, `price`, `stock`, `beli`, `created`, `updated`, `user_id`, `outlet_id`) VALUES
('2000159319202', '', 'Str 8w philips', '3200102391095', '4905891211000', 20000, 0, NULL, '2020-11-05 21:09:23', NULL, '10052301040163', '1802010340510'),
('2000959220101', '', 'Grendel robby', '3229150109000', '4905891211000', 12000, 0, NULL, '2020-11-05 21:09:20', NULL, '10052301040163', '1802010340510'),
('2001012050992', '6666666661487', 'Terminal Uticon L4 st148', '3015102990200', '4905891211000', 21000, 0, NULL, '2020-11-05 21:09:20', NULL, '10052301040163', '1802010340510'),
('2001210959200', '8718696822883', 'Philips led buld 8w', '3912005920001', '4905891211000', 38000, 0, NULL, '2020-11-05 21:09:20', NULL, '10052301040163', '1802010340510'),
('2002019115290', '8711500226082', 'Claer Philips 75w', '3952019101200', '4905891211000', 10000, 0, NULL, '2020-11-05 21:09:21', NULL, '10052301040163', '1802010340510'),
('2002024051919', '', 'Isolasi listrik kecil 3M', '3409902025110', '4905891211000', 5000, 0, NULL, '2020-11-05 21:09:24', NULL, '10052301040163', '1802010340510'),
('2002099011591', '', 'tang buaya 10 Kondo', '3009191059201', '4905891211000', 80000, 0, NULL, '2020-11-05 21:09:19', NULL, '10052301040163', '1802010340510'),
('2005249110029', '', 'Lampu kulkas E17', '3520190049021', '4905891211000', 10000, 0, NULL, '2020-11-05 21:09:24', NULL, '10052301040163', '1802010340510'),
('2005922140910', '8888591300028', 'PILOX RJ 300cc - 36 SILVER', '3209095210140', '4905891211000', 25000, 0, NULL, '2020-11-05 21:09:24', NULL, '10052301040163', '1802010340510'),
('2009051019122', '8994707785228', 'LED Centralite 8w', '3205009912101', '4905891211000', 35000, 0, NULL, '2020-11-05 21:09:21', NULL, '10052301040163', '1802010340510'),
('2009102152900', '6666666661685', 'Terminal Uticon L6 st168', '3015102990200', '4905891211000', 30000, 0, NULL, '2020-11-05 21:09:20', NULL, '10052301040163', '1802010340510'),
('2009109102452', '8888591300028', 'PILOX RJ 300cc - 1102 METALLIC CTM HONDA YELLOW', '3209095210140', '4905891211000', 25000, 0, NULL, '2020-11-05 21:09:24', NULL, '10052301040163', '1802010340510'),
('2009121109095', '', 'tang buaya tekiro', '3009191059201', '4905891211000', 8500085, 0, NULL, '2020-11-05 21:09:19', NULL, '10052301040163', '1802010340510'),
('2010019951029', '', 'tang buaya locking plier', '3009191059201', '4905891211000', 95000, 0, NULL, '2020-11-05 21:09:19', NULL, '10052301040163', '1802010340510'),
('2010092045129', '', 'Lem tikus', '3099152410002', '4905891211000', 18000, 0, NULL, '2020-11-05 21:09:24', NULL, '10052301040163', '1802010340510'),
('2010100902925', '', 'pahat wipro 3/4', '3101052990190', '4905891211000', 67000, 0, NULL, '2020-11-05 21:09:20', NULL, '10052301040163', '1802010340510'),
('2010209005129', '', 'Grendel amico', '3229150109000', '4905891211000', 12000, 0, NULL, '2020-11-05 21:09:20', NULL, '10052301040163', '1802010340510'),
('2010220991054', '8888591300028', 'PILOX RJ 300cc - 540 CLEAR LACQUER', '3209095210140', '4905891211000', 25000, 0, NULL, '2020-11-05 21:09:24', NULL, '10052301040163', '1802010340510'),
('2010922005914', '', 'Saklar gantung', '3005922109401', '4905891211000', 5000, 0, NULL, '2020-11-05 21:09:24', NULL, '10052301040163', '1802010340510'),
('2010950119290', '', 'pahat wipro ¼', '3101052990190', '4905891211000', 57000, 0, NULL, '2020-11-05 21:09:19', NULL, '10052301040163', '1802010340510'),
('2011029159020', '8996500520099', 'LED Luxco 9w', '3090250100291', '4905891211000', 33000, 0, NULL, '2020-11-05 21:09:21', NULL, '10052301040163', '1802010340510'),
('2011229501090', '8711500173744', 'Clear Philips 15w kecil', '3952019101200', '4905891211000', 10000, 0, NULL, '2020-11-05 21:09:21', NULL, '10052301040163', '1802010340510'),
('2011292000095', '', 'Grendel stainless Bolt series 3', '3201509100092', '4905891211000', 10000, 0, NULL, '2020-11-05 21:09:20', NULL, '10052301040163', '1802010340510'),
('2011502900290', '6666666661586', 'Terminal Uticon L5 st158', '3015102990200', '4905891211000', 26000, 0, NULL, '2020-11-05 21:09:20', NULL, '10052301040163', '1802010340510'),
('2012920904105', '8888591300028', 'PILOX RJ 300cc - 1580 METALLIC SILVER', '3209095210140', '4905891211000', 25000, 0, NULL, '2020-11-05 21:09:24', NULL, '10052301040163', '1802010340510'),
('2012990500112', '8996500520112', 'LED Luxco 11w', '3090250100291', '4905891211000', 40000, 0, NULL, '2020-11-05 21:09:21', NULL, '10052301040163', '1802010340510'),
('2012999050101', '', 'tang buaya Junior 5', '3009191059201', '4905891211000', 60000, 0, NULL, '2020-11-05 21:09:19', NULL, '10052301040163', '1802010340510'),
('2015012903902', '', 'Steker T multi Masko', '3190012925300', '4905891211000', 15000, 0, NULL, '2020-11-05 21:09:23', NULL, '10052301040163', '1802010340510'),
('2015109292100', '8996500520143', 'LED Luxco 14W', '3090250100291', '4905891211000', 45000, 0, NULL, '2020-11-05 21:09:21', NULL, '10052301040163', '1802010340510'),
('2019002005192', '8718696822920', 'Philips led buld 10w', '3912005920001', '4905891211000', 42000, 0, NULL, '2020-11-05 21:09:20', NULL, '10052301040163', '1802010340510'),
('2019009121950', '', 'kunci ring 24-27 ATC', '3921990001510', '4905891211000', 65000, 0, NULL, '2020-11-05 21:09:19', NULL, '10052301040163', '1802010340510'),
('2019095200120', '8997015514030', 'LED Masko 5w', '3901920000215', '4905891211000', 25000, 0, NULL, '2020-11-05 21:09:20', NULL, '10052301040163', '1802010340510'),
('2019100252090', '8997015515938', 'LED Masko 14w', '3901920000215', '4905891211000', 45000, 0, NULL, '2020-11-05 21:09:20', NULL, '10052301040163', '1802010340510'),
('2019930250102', '', 'Steker saklar 13311 broco', '3011520020939', '4905891211000', 25000, 0, NULL, '2020-11-05 21:09:23', NULL, '10052301040163', '1802010340510'),
('2020019110599', '', 'kunci ring 30-32 ATC', '3921990001510', '4905891211000', 80000, 0, NULL, '2020-11-05 21:09:19', NULL, '10052301040163', '1802010340510'),
('2020029151091', '', 'Regulator personalux', '3250919001102', '4905891211000', 65000, 0, NULL, '2020-11-05 21:09:21', NULL, '10052301040163', '1802010340510'),
('2020520019391', '', 'Ess 14w philips', '3001250031929', '4905891211000', 35000, 0, NULL, '2020-11-05 21:09:23', NULL, '10052301040163', '1802010340510'),
('2021020110959', '8711500011381', 'Clear Philips 60w', '3952019101200', '4905891211000', 10000, 0, NULL, '2020-11-05 21:09:21', NULL, '10052301040163', '1802010340510'),
('2022001952019', '6666666662132', 'krista k213 masko saklar 3', '3129212009005', '4905891211000', 35000, 0, NULL, '2020-11-05 21:09:22', NULL, '10052301040163', '1802010340510'),
('2022015090901', '', 'Fadli Pro 1 1/4', '3101052990190', '4905891211000', 77000, 0, NULL, '2020-11-05 21:09:20', NULL, '10052301040163', '1802010340510'),
('2022990131500', '', 'Ess 5w philips', '3001250031929', '4905891211000', 26000, 0, NULL, '2020-11-05 21:09:23', NULL, '10052301040163', '1802010340510'),
('2029051921004', '8888591300028', 'PILOX RJ 300cc - 4 DULL BLACK', '3209095210140', '4905891211000', 25000, 0, NULL, '2020-11-05 21:09:24', NULL, '10052301040163', '1802010340510'),
('2029501090119', '', 'gunting dahan hioshi', '3919510209100', '4905891211000', 45000, 0, NULL, '2020-11-05 21:09:19', NULL, '10052301040163', '1802010340510'),
('2050192913200', '', 'Fitting combinasi 226 broco', '3011520020939', '4905891211000', 15000, 0, NULL, '2020-11-05 21:09:23', NULL, '10052301040163', '1802010340510'),
('2052901191900', '', 'kunci ring 20-22 ATC', '3921990001510', '4905891211000', 45000, 0, NULL, '2020-11-05 21:09:19', NULL, '10052301040163', '1802010340510'),
('2059001293012', '', 'paku 1\"', '3905211290300', '4030201591920', 22000, 0, NULL, '2020-11-05 21:09:23', NULL, '10052301040163', '1802010340510'),
('2059111090022', '8997777060134', 'Lakban hitam nachi 1**', '3029115090201', '4905891211000', 15000, 0, NULL, '2020-11-05 21:09:21', NULL, '10052301040163', '1802010340510'),
('2059210009012', '8718696822968', 'Philips led buld 12w', '3912005920001', '4905891211000', 50000, 0, NULL, '2020-11-05 21:09:20', NULL, '10052301040163', '1802010340510'),
('2090005112229', '', 'Regulator Winn gas W 182 M', '3250919001102', '4905891211000', 75000, 0, NULL, '2020-11-05 21:09:22', NULL, '10052301040163', '1802010340510'),
('2090020195210', '8718696484807', 'Philips led buld 3w', '3912005920001', '4905891211000', 20000, 0, NULL, '2020-11-05 21:09:20', NULL, '10052301040163', '1802010340510'),
('2090090125421', '8888591300028', 'PILOX RJ 300cc - 1139 METALLIC BLACK', '3209095210140', '4905891211000', 25000, 0, NULL, '2020-11-05 21:09:24', NULL, '10052301040163', '1802010340510'),
('2090100022195', '8997015514016', 'LED Masko 3w', '3901920000215', '4905891211000', 18000, 0, NULL, '2020-11-05 21:09:20', NULL, '10052301040163', '1802010340510'),
('2090201054129', '', 'Timah solder cap pancing kcl', '3019921402500', '4905891211000', 30000, 0, NULL, '2020-11-05 21:09:24', NULL, '10052301040163', '1802010340510'),
('2090221051009', '8718696820582', 'Philips ess led 3w', '3000120199520', '4905891211000', 20000, 0, NULL, '2020-11-05 21:09:20', NULL, '10052301040163', '1802010340510'),
('2091001022059', '8718696484920', 'Philips led buld 4w', '3912005920001', '4905891211000', 26000, 0, NULL, '2020-11-05 21:09:20', NULL, '10052301040163', '1802010340510'),
('2091090022251', '8718699658106', 'Philips led buld 3w kecil', '3912005920001', '4905891211000', 20000, 0, NULL, '2020-11-05 21:09:22', NULL, '10052301040163', '1802010340510'),
('2091092001125', '8718699640538', 'philips Led buld 19W', '3912005920001', '4905891211000', 80000, 0, NULL, '2020-11-05 21:09:21', NULL, '10052301040163', '1802010340510'),
('2091520101902', '8994707785440', 'LED Centralite 13w', '3205009912101', '4905891211000', 65000, 0, NULL, '2020-11-05 21:09:21', NULL, '10052301040163', '1802010340510'),
('2092020011259', '6666666661395', 'Federal blue C015* H139*', '3050291221900', '4905891211000', 50000, 0, NULL, '2020-11-05 21:09:22', NULL, '10052301040163', '1802010340510'),
('2092020195001', '6666666661180', 'Terminal Uticon L1 st118', '3015102990200', '4905891211000', 10000, 0, NULL, '2020-11-05 21:09:20', NULL, '10052301040163', '1802010340510'),
('2092590112000', '', 'Grendel stainless Holy 4', '3201509100092', '4905891211000', 12000, 0, NULL, '2020-11-05 21:09:20', NULL, '10052301040163', '1802010340510'),
('2095101920018', '', 'gergaji 1137', '3011190925080', '4905891211000', 100000, 0, NULL, '2020-11-05 21:09:18', NULL, '10052301040163', '1802010340510'),
('2095312019020', '', 'Steker uticon bulat', '3900130125920', '4905891211000', 13000, 0, NULL, '2020-11-05 21:09:23', NULL, '10052301040163', '1802010340510'),
('2099001102225', '6666666611383', 'Red R4L C011 H138*', '3050291221900', '4905891211000', 50000, 0, NULL, '2020-11-05 21:09:22', NULL, '10052301040163', '1802010340510'),
('2099521012000', '8718696820667', 'Philips ess led 7w', '3000120199520', '4905891211000', 30000, 0, NULL, '2020-11-05 21:09:20', NULL, '10052301040163', '1802010340510'),
('2099521200110', '8997015514511', 'Clear Maskow 5W', '3050200112199', '4905891211000', 10000, 0, NULL, '2020-11-05 21:09:21', NULL, '10052301040163', '1802010340510'),
('2100190951029', '', 'kunci ring 21 23 ATC', '3921990001510', '4905891211000', 50000, 0, NULL, '2020-11-05 21:09:19', NULL, '10052301040163', '1802010340510'),
('2100910022950', '8718696822845', 'Philips led buld 6w', '3912005920001', '4905891211000', 33000, 0, NULL, '2020-11-05 21:09:20', NULL, '10052301040163', '1802010340510'),
('2100990101592', '', 'gunting pipa Aldo', '3102115090990', '4905891211000', 125000, 0, NULL, '2020-11-05 21:09:19', NULL, '10052301040163', '1802010340510'),
('2101024052909', '', 'Steker AC masko', '3190012925300', '4905891211000', 25000, 0, NULL, '2020-11-05 21:09:24', NULL, '10052301040163', '1802010340510'),
('2101050299810', '', 'Tekiro ring 8 pas', '3918912150000', '4905891211000', 0, 0, NULL, '2020-11-05 21:09:18', NULL, '10052301040163', '1802010340510'),
('2102510029900', '6666666661388', 'Terminal Uticon L3 st138', '3015102990200', '4905891211000', 17000, 0, NULL, '2020-11-05 21:09:20', NULL, '10052301040163', '1802010340510'),
('2102910109580', '', 'gunting potong kabel Aldo', '3152199800010', '4905891211000', 120000, 0, NULL, '2020-11-05 21:09:18', NULL, '10052301040163', '1802010340510'),
('2105001199290', '', 'tang buaya freedom', '3009191059201', '4905891211000', 60000, 0, NULL, '2020-11-05 21:09:19', NULL, '10052301040163', '1802010340510'),
('2105002109920', '', 'Grendel stainless gomeo 2', '3201509100092', '4905891211000', 7000, 0, NULL, '2020-11-05 21:09:20', NULL, '10052301040163', '1802010340510'),
('2105011929002', '', 'Regulator Winn gas W 998 M', '3250919001102', '4905891211000', 65000, 0, NULL, '2020-11-05 21:09:21', NULL, '10052301040163', '1802010340510'),
('2109509022012', '8994397000182', 'Lem pipa pasta', '3009222001591', '4905891211000', 5000, 0, NULL, '2020-11-05 21:09:22', NULL, '10052301040163', '1802010340510'),
('2109905119020', '', 'tang gigip tosita', '3920101950109', '4905891211000', 60000, 0, NULL, '2020-11-05 21:09:19', NULL, '10052301040163', '1802010340510'),
('2110008259910', '', 'gergaji cap mata', '3011190925080', '4905891211000', 65000, 0, NULL, '2020-11-05 21:09:18', NULL, '10052301040163', '1802010340510'),
('2110909520022', '6666666668769', 'Magnsesium EP876*', '3050291221900', '4905891211000', 50000, 0, NULL, '2020-11-05 21:09:22', NULL, '10052301040163', '1802010340510'),
('2112000520992', '6666666663115', 'viola v311 masko saklar 1', '3129212009005', '4905891211000', 16000, 0, NULL, '2020-11-05 21:09:22', NULL, '10052301040163', '1802010340510'),
('2112019009205', '8997777060127', 'Lakban hitam nachi 1 1/2**', '3029115090201', '4905891211000', 18000, 0, NULL, '2020-11-05 21:09:21', NULL, '10052301040163', '1802010340510'),
('2112509220090', '', 'Candy yellow C016* Y016*', '3050291221900', '4905891211000', 50000, 0, NULL, '2020-11-05 21:09:22', NULL, '10052301040163', '1802010340510'),
('2114052920900', '8888591300028', 'PILOX RJ 300cc - 6 SILVER RED', '3209095210140', '4905891211000', 25000, 0, NULL, '2020-11-05 21:09:24', NULL, '10052301040163', '1802010340510'),
('2115209920010', '8994707785006', 'LED Centralite 3w', '3205009912101', '4905891211000', 20000, 0, NULL, '2020-11-05 21:09:21', NULL, '10052301040163', '1802010340510'),
('2115921900090', '', 'gunting potong kabel tekiro', '3152199800010', '4905891211000', 115000, 0, NULL, '2020-11-05 21:09:19', NULL, '10052301040163', '1802010340510'),
('2119902150009', '', 'tang kupas kabel great', '3900190115290', '4905891211000', 125000, 0, NULL, '2020-11-05 21:09:19', NULL, '10052301040163', '1802010340510'),
('2120020299105', '', 'Regulator Nis', '3250919001102', '4905891211000', 90000, 0, NULL, '2020-11-05 21:09:22', NULL, '10052301040163', '1802010340510'),
('2120295002901', '6666666662125', 'krista k212 masko saklar 2', '3129212009005', '4905891211000', 30000, 0, NULL, '2020-11-05 21:09:22', NULL, '10052301040163', '1802010340510'),
('2120309102950', '', 'Steker biasa putih', '3051013290290', '4905891211000', 8000, 0, NULL, '2020-11-05 21:09:23', NULL, '10052301040163', '1802010340510'),
('2120920021095', '', 'White 2 102', '3050291221900', '4905891211000', 40000, 0, NULL, '2020-11-05 21:09:22', NULL, '10052301040163', '1802010340510'),
('2120920250091', '', 'Black 30 109', '3050291221900', '4905891211000', 40000, 0, NULL, '2020-11-05 21:09:22', NULL, '10052301040163', '1802010340510'),
('2121510900089', '', 'gergaji wipro', '3011190925080', '4905891211000', 65000, 0, NULL, '2020-11-05 21:09:18', NULL, '10052301040163', '1802010340510'),
('2125900102900', '8718696820629', 'Philips ess led 5w', '3000120199520', '4905891211000', 26000, 0, NULL, '2020-11-05 21:09:20', NULL, '10052301040163', '1802010340510'),
('2129005089011', '', 'gunting potong kabel sky 15', '3152199800010', '4905891211000', 70000, 0, NULL, '2020-11-05 21:09:18', NULL, '10052301040163', '1802010340510'),
('2129501000192', '', 'Regulator star cam', '3250919001102', '4905891211000', 140000, 0, NULL, '2020-11-05 21:09:21', NULL, '10052301040163', '1802010340510'),
('2130000122599', '', 'Fitting 210L broco', '3011520020939', '4905891211000', 6000, 0, NULL, '2020-11-05 21:09:23', NULL, '10052301040163', '1802010340510'),
('2150920029110', '', 'Regulator destec', '3250919001102', '4905891211000', 135000, 0, NULL, '2020-11-05 21:09:21', NULL, '10052301040163', '1802010340510'),
('2151929002000', '', 'pahat wipro 1/2', '3101052990190', '4905891211000', 63000, 0, NULL, '2020-11-05 21:09:20', NULL, '10052301040163', '1802010340510'),
('2191005900422', '8888591300028', 'PILOX RJ 300cc - 39BLACK', '3209095210140', '4905891211000', 25000, 0, NULL, '2020-11-05 21:09:24', NULL, '10052301040163', '1802010340510'),
('2191090202035', '', 'Over steker 13910 broco', '3011520020939', '4905891211000', 25000, 0, NULL, '2020-11-05 21:09:23', NULL, '10052301040163', '1802010340510'),
('2192200002915', '', 'Flat black 29 109A', '3050291221900', '4905891211000', 40000, 0, NULL, '2020-11-05 21:09:22', NULL, '10052301040163', '1802010340510'),
('2192905101020', '', 'Lakban hitam 2**', '3029115090201', '4905891211000', 28000, 0, NULL, '2020-11-05 21:09:21', NULL, '10052301040163', '1802010340510'),
('2195100108290', '', 'gergaji freder', '3011190925080', '4905891211000', 65000, 0, NULL, '2020-11-05 21:09:18', NULL, '10052301040163', '1802010340510'),
('2195120209000', '', 'pahat wipro 1', '3101052990190', '4905891211000', 73000, 0, NULL, '2020-11-05 21:09:20', NULL, '10052301040163', '1802010340510'),
('2199022010504', '8888591300028', 'PILOX RJ 300cc - 40 WHITE', '3209095210140', '4905891211000', 25000, 0, NULL, '2020-11-05 21:09:24', NULL, '10052301040163', '1802010340510'),
('2200059109119', '', 'kunci ring 18 19 ATC', '3921990001510', '4905891211000', 30000, 0, NULL, '2020-11-05 21:09:19', NULL, '10052301040163', '1802010340510'),
('2200120919005', '8718699640491', 'Philips led buld 14.5w', '3912005920001', '4905891211000', 56000, 0, NULL, '2020-11-05 21:09:20', NULL, '10052301040163', '1802010340510'),
('2200593102910', '', 'Ess 27w philips', '3001250031929', '4905891211000', 60000, 0, NULL, '2020-11-05 21:09:23', NULL, '10052301040163', '1802010340510'),
('2200599302101', '', 'Ess 18w philips', '3001250031929', '4905891211000', 38000, 0, NULL, '2020-11-05 21:09:23', NULL, '10052301040163', '1802010340510'),
('2202193000591', '', 'Str 23w philips', '3200102391095', '4905891211000', 30000, 0, NULL, '2020-11-05 21:09:23', NULL, '10052301040163', '1802010340510'),
('2209192000521', '6666666663122', 'viola v312 masko saklar 2', '3129212009005', '4905891211000', 25000, 0, NULL, '2020-11-05 21:09:22', NULL, '10052301040163', '1802010340510'),
('2209201005941', '8888591300028', 'PILOX RJ 300cc - 68 PRIMER GREY', '3209095210140', '4905891211000', 25000, 0, NULL, '2020-11-05 21:09:24', NULL, '10052301040163', '1802010340510'),
('2209210010935', '', 'Str 5w philips', '3200102391095', '4905891211000', 18000, 0, NULL, '2020-11-05 21:09:23', NULL, '10052301040163', '1802010340510'),
('2209219200501', '6666666681232', 'Gold 8 123', '3050291221900', '4905891211000', 40000, 0, NULL, '2020-11-05 21:09:22', NULL, '10052301040163', '1802010340510'),
('2209911005210', '8996500520075', 'LED Luxco 7w', '3090250100291', '4905891211000', 30000, 0, NULL, '2020-11-05 21:09:21', NULL, '10052301040163', '1802010340510'),
('2210000025991', '8996500520051', 'LED Luxco 5w', '3090250100291', '4905891211000', 26000, 0, NULL, '2020-11-05 21:09:20', NULL, '10052301040163', '1802010340510'),
('2210029590100', '8997015517666', 'LED Masko 7w', '3901920000215', '4905891211000', 28000, 0, NULL, '2020-11-05 21:09:20', NULL, '10052301040163', '1802010340510'),
('2210509191090', '', 'tang potong kabel Pro United', '3920001915109', '4905891211000', 35000, 0, NULL, '2020-11-05 21:09:19', NULL, '10052301040163', '1802010340510'),
('2230021019590', '', 'Steker 13410 broco', '3011520020939', '4905891211000', 15000, 0, NULL, '2020-11-05 21:09:23', NULL, '10052301040163', '1802010340510'),
('2250091203910', '', 'Ess 8w philips', '3001250031929', '4905891211000', 28000, 0, NULL, '2020-11-05 21:09:23', NULL, '10052301040163', '1802010340510'),
('2250119021009', '8711500226044', 'Clear Philips 15w besar', '3952019101200', '4905891211000', 10000, 0, NULL, '2020-11-05 21:09:21', NULL, '10052301040163', '1802010340510'),
('2251130020909', '', 'Steker fitting L', '3051013290290', '4905891211000', 10000, 0, NULL, '2020-11-05 21:09:23', NULL, '10052301040163', '1802010340510'),
('2252909100103', '', 'Ess 23w philips', '3001250031929', '4905891211000', 53000, 0, NULL, '2020-11-05 21:09:23', NULL, '10052301040163', '1802010340510'),
('2290015010932', '', 'Steker gepeng 344L broco', '3011520020939', '4905891211000', 6000, 0, NULL, '2020-11-05 21:09:23', NULL, '10052301040163', '1802010340510'),
('2291100590042', '', 'Isolasi listrik 3M 1258jr', '3409902025110', '4905891211000', 10000, 0, NULL, '2020-11-05 21:09:24', NULL, '10052301040163', '1802010340510'),
('2291500000219', '8997015514092', 'LED Masko 12w', '3901920000215', '4905891211000', 40000, 0, NULL, '2020-11-05 21:09:20', NULL, '10052301040163', '1802010340510'),
('2292020510910', '', 'Regulator Winn gas tekanan tinggi W 181 M', '3250919001102', '4905891211000', 90000, 0, NULL, '2020-11-05 21:09:22', NULL, '10052301040163', '1802010340510'),
('2292150020019', 'D1020320018569', 'Regulator Quantum QRL-03', '3250919001102', '4905891211000', 90000, 0, NULL, '2020-11-05 21:09:22', NULL, '10052301040163', '1802010340510'),
('2295100009191', '', 'kunci ring 8-9 ATC', '3921990001510', '4905891211000', 20000, 0, NULL, '2020-11-05 21:09:19', NULL, '10052301040163', '1802010340510'),
('2295101021090', '8711500223869', 'Clear Philips 25w', '3952019101200', '4905891211000', 10000, 0, NULL, '2020-11-05 21:09:21', NULL, '10052301040163', '1802010340510'),
('2310015020992', '6666666663504', 'viola v350 terminal masko', '3129212009005', '4905891211000', 19000, 0, NULL, '2020-11-05 21:09:23', NULL, '10052301040163', '1802010340510'),
('2320095290011', '', 'Ess 11w philips', '3001250031929', '4905891211000', 32000, 0, NULL, '2020-11-05 21:09:23', NULL, '10052301040163', '1802010340510'),
('2325100021909', '', 'Ess 32w philips', '3001250031929', '4905891211000', 65000, 0, NULL, '2020-11-05 21:09:23', NULL, '10052301040163', '1802010340510'),
('2410010209259', '8888591300028', 'PILOX RJ 300cc - 400 WHITE STD', '3209095210140', '4905891211000', 25000, 0, NULL, '2020-11-05 21:09:24', NULL, '10052301040163', '1802010340510'),
('2500021992041', '', 'Lampu kulkas E12', '3520190049021', '4905891211000', 10000, 0, NULL, '2020-11-05 21:09:24', NULL, '10052301040163', '1802010340510'),
('2500211190290', '8994707785112', 'LED Centralite', '3205009912101', '4905891211000', 30000, 0, NULL, '2020-11-05 21:09:21', NULL, '10052301040163', '1802010340510'),
('2500920101199', '', 'gunting dahan fukuda', '3919510209100', '4905891211000', 75000, 0, NULL, '2020-11-05 21:09:19', NULL, '10052301040163', '1802010340510'),
('2501202092190', '6666663917013', 'Sparkling silver 39 1701', '3050291221900', '4905891211000', 40000, 0, NULL, '2020-11-05 21:09:22', NULL, '10052301040163', '1802010340510'),
('2502101990302', '', 'Steker \"L\" 13312 broco', '3011520020939', '4905891211000', 15000, 0, NULL, '2020-11-05 21:09:23', NULL, '10052301040163', '1802010340510'),
('2502121309009', '6666666663139', 'viola v313 masko saklar 3', '3129212009005', '4905891211000', 35000, 0, NULL, '2020-11-05 21:09:23', NULL, '10052301040163', '1802010340510'),
('2502210909011', '8718699631109', 'TrueForceCore Led 40W', '3191029105020', '4905891211000', 140000, 0, NULL, '2020-11-05 21:09:21', NULL, '10052301040163', '1802010340510'),
('2510090290221', '', 'mata potong besi prohex', '3995212000012', '4905891211000', 10000, 0, NULL, '2020-11-05 21:09:22', NULL, '10052301040163', '1802010340510'),
('2511290009901', '', 'tang buaya Bastguard', '3009191059201', '4905891211000', 125000, 0, NULL, '2020-11-05 21:09:19', NULL, '10052301040163', '1802010340510'),
('2519291000021', '8718699631123', 'TrueForceCore Led 50W', '3191029105020', '4905891211000', 180000, 0, NULL, '2020-11-05 21:09:21', NULL, '10052301040163', '1802010340510'),
('2519420201090', '', 'Timah solder cap pancing bsr', '3019921402500', '4905891211000', 95000, 0, NULL, '2020-11-05 21:09:24', NULL, '10052301040163', '1802010340510'),
('2521091090002', '6666666661289', 'Terminal Uticon L2 st128', '3015102990200', '4905891211000', 13000, 0, NULL, '2020-11-05 21:09:20', NULL, '10052301040163', '1802010340510'),
('2521920001109', '8994707785334', 'LED Centralite 10w', '3205009912101', '4905891211000', 40000, 0, NULL, '2020-11-05 21:09:21', NULL, '10052301040163', '1802010340510'),
('2590001191092', '', 'gunting dahan Oris', '3919510209100', '4905891211000', 60000, 0, NULL, '2020-11-05 21:09:19', NULL, '10052301040163', '1802010340510'),
('2590114092200', '', 'Lampu kulkas E14', '3520190049021', '4905891211000', 10000, 0, NULL, '2020-11-05 21:09:24', NULL, '10052301040163', '1802010340510'),
('2591101029009', '', 'gunting pipa wipro', '3102115090990', '4905891211000', 125000, 0, NULL, '2020-11-05 21:09:19', NULL, '10052301040163', '1802010340510'),
('2891019052100', '', 'gergaji tekiro', '3011190925080', '4905891211000', 110000, 0, NULL, '2020-11-05 21:09:18', NULL, '10052301040163', '1802010340510'),
('2900290015102', '8718699647575', 'Philips ess led 13w', '3000120199520', '4905891211000', 50000, 0, NULL, '2020-11-05 21:09:20', NULL, '10052301040163', '1802010340510'),
('2900412002159', '', 'Steker AC 7110 broco', '3011520020939', '4905891211000', 25000, 0, NULL, '2020-11-05 21:09:24', NULL, '10052301040163', '1802010340510'),
('2900912215020', '6666666611284', 'Clear 1 128', '3050291221900', '4905891211000', 40000, 0, NULL, '2020-11-05 21:09:22', NULL, '10052301040163', '1802010340510'),
('2900932010521', '6666666665515', 'piano n551 saklar&terminal masko', '3129212009005', '4905891211000', 35000, 0, NULL, '2020-11-05 21:09:23', NULL, '10052301040163', '1802010340510'),
('2901100825091', '', 'gergaji bahco', '3011190925080', '4905891211000', 175000, 0, NULL, '2020-11-05 21:09:18', NULL, '10052301040163', '1802010340510'),
('2901102109059', '', 'gunting dahan orange', '3919510209100', '4905891211000', 60000, 0, NULL, '2020-11-05 21:09:19', NULL, '10052301040163', '1802010340510'),
('2901219000519', '', 'tang gigip kentaro', '3920101950109', '4905891211000', 75000, 0, NULL, '2020-11-05 21:09:19', NULL, '10052301040163', '1802010340510'),
('2902014501029', '', 'Fitting gantung 216L broco', '3011520020939', '4905891211000', 6000, 0, NULL, '2020-11-05 21:09:24', NULL, '10052301040163', '1802010340510'),
('2905031922001', '', 'Kontra steker 13410-55 broco', '3011520020939', '4905891211000', 25000, 0, NULL, '2020-11-05 21:09:23', NULL, '10052301040163', '1802010340510'),
('2910022591000', '8718696820742', 'Philips ess led 11w', '3000120199520', '4905891211000', 43000, 0, NULL, '2020-11-05 21:09:20', NULL, '10052301040163', '1802010340510'),
('2910105909201', '', 'tang potong kabel Viper kecil', '3920001915109', '4905891211000', 40000, 0, NULL, '2020-11-05 21:09:19', NULL, '10052301040163', '1802010340510'),
('2912005110099', '', 'pahat wipro 5/16', '3101052990190', '4905891211000', 58000, 0, NULL, '2020-11-05 21:09:19', NULL, '10052301040163', '1802010340510'),
('2912023000519', '', 'Steker T 13830 broco', '3011520020939', '4905891211000', 35000, 0, NULL, '2020-11-05 21:09:23', NULL, '10052301040163', '1802010340510'),
('2919002122500', '6666666662101', 'Surfacer H210*', '3050291221900', '4905891211000', 50000, 0, NULL, '2020-11-05 21:09:22', NULL, '10052301040163', '1802010340510'),
('2920110029504', '8888591300028', 'PILOX RJ 300cc - 23 SIGNAL RED', '3209095210140', '4905891211000', 25000, 0, NULL, '2020-11-05 21:09:24', NULL, '10052301040163', '1802010340510'),
('2920501102029', '', 'krista K211 Masko saklar 1', '3129212009005', '4905891211000', 20000, 0, NULL, '2020-11-05 21:09:22', NULL, '10052301040163', '1802010340510'),
('2920900119105', '', 'kunci ring 22 24 ATC', '3921990001510', '4905891211000', 45000, 0, NULL, '2020-11-05 21:09:19', NULL, '10052301040163', '1802010340510'),
('2922000921150', '6666666663368', 'Red 33 6', '3050291221900', '4905891211000', 40000, 0, NULL, '2020-11-05 21:09:22', NULL, '10052301040163', '1802010340510'),
('2925110000290', '', 'pahat wipro 3/8', '3101052990190', '4905891211000', 60000, 0, NULL, '2020-11-05 21:09:20', NULL, '10052301040163', '1802010340510'),
('2929002013015', '', 'Fitting plapon 1210 broco', '3011520020939', '4905891211000', 12000, 0, NULL, '2020-11-05 21:09:23', NULL, '10052301040163', '1802010340510'),
('2929020101350', '', 'Str 11w philips', '3200102391095', '4905891211000', 22000, 0, NULL, '2020-11-05 21:09:23', NULL, '10052301040163', '1802010340510'),
('2930901215020', '', 'Str 18w philips', '3200102391095', '4905891211000', 28000, 0, NULL, '2020-11-05 21:09:23', NULL, '10052301040163', '1802010340510'),
('2950020102941', '8888591300028', 'PILOX RJ 300cc - 38 MARON', '3209095210140', '4905891211000', 25000, 0, NULL, '2020-11-05 21:09:24', NULL, '10052301040163', '1802010340510'),
('2951019020220', '6666666631244', 'Silver 3 124', '3050291221900', '4905891211000', 40000, 0, NULL, '2020-11-05 21:09:22', NULL, '10052301040163', '1802010340510'),
('2952001292010', '6666666661135', 'Metallic black 81 1139', '3050291221900', '4905891211000', 40000, 0, NULL, '2020-11-05 21:09:22', NULL, '10052301040163', '1802010340510'),
('2952009021100', '8996500520037', 'LED Luxco 3w', '3090250100291', '4905891211000', 18000, 0, NULL, '2020-11-05 21:09:20', NULL, '10052301040163', '1802010340510'),
('2990010250012', '8718696820704', 'Philips ess led 9w', '3000120199520', '4905891211000', 36000, 0, NULL, '2020-11-05 21:09:20', NULL, '10052301040163', '1802010340510'),
('2990110215002', '8718699631086', 'TrueForceCore Led 30W', '3191029105020', '4905891211000', 110000, 0, NULL, '2020-11-05 21:09:21', NULL, '10052301040163', '1802010340510'),
('2990120200015', '', 'pahat wipro 1 1/2', '3101052990190', '4905891211000', 85000, 0, NULL, '2020-11-05 21:09:20', NULL, '10052301040163', '1802010340510'),
('2991100182050', '', 'gergaji prohex haston', '3011190925080', '4905891211000', 65000, 0, NULL, '2020-11-05 21:09:18', NULL, '10052301040163', '1802010340510'),
('2992001025201', '', 'Regulator Winn gas tekanan tinggi indikator meteran W 181 M', '3250919001102', '4905891211000', 110000, 0, NULL, '2020-11-05 21:09:22', NULL, '10052301040163', '1802010340510'),
('2995201001200', '', 'pahat wipro 5/8', '3101052990190', '4905891211000', 65000, 0, NULL, '2020-11-05 21:09:20', NULL, '10052301040163', '1802010340510');

-- --------------------------------------------------------

--
-- Table structure for table `p_kategori`
--

CREATE TABLE `p_kategori` (
  `category_id` varchar(100) NOT NULL,
  `name` varchar(100) NOT NULL,
  `created` datetime NOT NULL DEFAULT CURRENT_TIMESTAMP,
  `updated` datetime DEFAULT NULL
) ENGINE=InnoDB DEFAULT CHARSET=latin1;

--
-- Dumping data for table `p_kategori`
--

INSERT INTO `p_kategori` (`category_id`, `name`, `created`, `updated`) VALUES
('3000120199520', 'Philips ESS LED', '2020-11-05 21:09:20', NULL),
('3001250031929', 'Philips Essential', '2020-11-05 21:09:23', NULL),
('3005922109401', 'Saklar biasa', '2020-11-05 21:09:24', NULL),
('3009191059201', 'tang buaya', '2020-11-05 21:09:19', NULL),
('3009222001591', 'Lem pipa', '2020-11-05 21:09:22', NULL),
('3011190925080', 'gergaji', '2020-11-05 21:09:18', NULL),
('3011520020939', 'Broco', '2020-11-05 21:09:23', NULL),
('3015102990200', 'Terminal Uticon', '2020-11-05 21:09:20', NULL),
('3019921402500', 'TIMAH SOLDER', '2020-11-05 21:09:24', NULL),
('3029115090201', 'Lakban hitam nachi', '2020-11-05 21:09:21', NULL),
('3050200112199', 'Clear Maskow', '2020-11-05 21:09:21', NULL),
('3050291221900', 'Samurai', '2020-11-05 21:09:22', NULL),
('3051013290290', 'Steker biasa', '2020-11-05 21:09:23', NULL),
('3090250100291', 'LED Luxco', '2020-11-05 21:09:20', NULL),
('3099152410002', 'LEM TIKUS', '2020-11-05 21:09:24', NULL),
('3101052990190', 'pahat', '2020-11-05 21:09:19', NULL),
('3102115090990', 'gunting pipa', '2020-11-05 21:09:19', NULL),
('3129212009005', 'saklar & stop kontak masko', '2020-11-05 21:09:22', NULL),
('3152199800010', 'gunting potong kabel', '2020-11-05 21:09:18', NULL),
('3190012925300', 'Masko', '2020-11-05 21:09:23', NULL),
('3191029105020', 'Philips trueforce core', '2020-11-05 21:09:21', NULL),
('3200102391095', 'Philips SITRANG', '2020-11-05 21:09:23', NULL),
('3201509100092', 'Grendel stainless', '2020-11-05 21:09:20', NULL),
('3205009912101', 'LED Centralite', '2020-11-05 21:09:21', NULL),
('3209095210140', 'Pilox Rj', '2020-11-05 21:09:24', NULL),
('3229150109000', 'Grendel', '2020-11-05 21:09:20', NULL),
('3250919001102', 'Regulator gas', '2020-11-05 21:09:21', NULL),
('3409902025110', '3M', '2020-11-05 21:09:24', NULL),
('3520190049021', 'Lampu kulkas', '2020-11-05 21:09:24', NULL),
('3900130125920', 'Steker uticon', '2020-11-05 21:09:23', NULL),
('3900190115290', 'tang kupas', '2020-11-05 21:09:19', NULL),
('3901920000215', 'LED Masko', '2020-11-05 21:09:20', NULL),
('3905211290300', 'paku nail2000', '2020-11-05 21:09:23', NULL),
('3912005920001', 'Philips led buld', '2020-11-05 21:09:20', NULL),
('3918912150000', 'Kunci', '2020-11-05 21:09:18', NULL),
('3919510209100', 'gunting dahan', '2020-11-05 21:09:19', NULL),
('3920001915109', 'tang potong kabel', '2020-11-05 21:09:19', NULL),
('3920101950109', 'tang gigip', '2020-11-05 21:09:19', NULL),
('3921990001510', 'kunci ring', '2020-11-05 21:09:19', NULL),
('3952019101200', 'Clear Philips', '2020-11-05 21:09:21', NULL),
('3995212000012', 'mata grinda potong besi', '2020-11-05 21:09:22', NULL);

-- --------------------------------------------------------

--
-- Table structure for table `p_satuanbarang`
--

CREATE TABLE `p_satuanbarang` (
  `unit_id` varchar(100) NOT NULL,
  `name` varchar(100) NOT NULL,
  `created` datetime NOT NULL DEFAULT CURRENT_TIMESTAMP,
  `updated` datetime DEFAULT NULL
) ENGINE=InnoDB DEFAULT CHARSET=latin1;

--
-- Dumping data for table `p_satuanbarang`
--

INSERT INTO `p_satuanbarang` (`unit_id`, `name`, `created`, `updated`) VALUES
('4030201591920', 'Kg', '2020-11-05 21:09:23', NULL),
('4905891211000', 'Pcs', '2020-11-05 21:09:18', NULL);

-- --------------------------------------------------------

--
-- Table structure for table `supplier`
--

CREATE TABLE `supplier` (
  `supplier_id` varchar(100) NOT NULL,
  `name` varchar(100) NOT NULL,
  `phone` varchar(15) NOT NULL,
  `address` varchar(200) NOT NULL,
  `description` text,
  `created` datetime NOT NULL DEFAULT CURRENT_TIMESTAMP,
  `updated` datetime DEFAULT NULL
) ENGINE=InnoDB DEFAULT CHARSET=latin1;

-- --------------------------------------------------------

--
-- Table structure for table `t_cart`
--

CREATE TABLE `t_cart` (
  `cart_id` varchar(100) NOT NULL,
  `item_id` varchar(100) NOT NULL,
  `price` int(11) NOT NULL,
  `qty` int(10) NOT NULL,
  `discount_item_rp` int(11) DEFAULT '0',
  `discount_item_persen` int(11) DEFAULT '0',
  `item_diskon` int(11) DEFAULT '0',
  `total` int(11) NOT NULL,
  `user_id` varchar(100) NOT NULL,
  `outlet_id` varchar(100) NOT NULL
) ENGINE=InnoDB DEFAULT CHARSET=latin1;

-- --------------------------------------------------------

--
-- Table structure for table `t_sale`
--

CREATE TABLE `t_sale` (
  `sale_id` varchar(100) NOT NULL,
  `invoice` varchar(50) NOT NULL,
  `customer_id` varchar(100) DEFAULT NULL,
  `total_price` int(11) NOT NULL,
  `discount` int(11) NOT NULL,
  `final_price` int(11) NOT NULL,
  `cash` int(11) NOT NULL,
  `remaining` int(11) NOT NULL,
  `note` text NOT NULL,
  `date` date NOT NULL,
  `user_id` varchar(100) NOT NULL,
  `outlet_id` varchar(100) NOT NULL,
  `created` datetime NOT NULL DEFAULT CURRENT_TIMESTAMP
) ENGINE=InnoDB DEFAULT CHARSET=latin1;

-- --------------------------------------------------------

--
-- Table structure for table `t_sale_detail`
--

CREATE TABLE `t_sale_detail` (
  `detail_id` varchar(100) NOT NULL,
  `sale_id` varchar(100) NOT NULL,
  `item_id` varchar(100) NOT NULL,
  `price` int(11) NOT NULL,
  `qty` int(11) NOT NULL,
  `discount_item_rp` int(11) NOT NULL DEFAULT '0',
  `discount_item_persen` int(11) DEFAULT '0',
  `item_diskon` int(11) DEFAULT '0',
  `total` int(11) NOT NULL,
  `date` date NOT NULL,
  `user_id` varchar(100) NOT NULL,
  `outlet_id` varchar(100) NOT NULL
) ENGINE=InnoDB DEFAULT CHARSET=latin1;

--
-- Triggers `t_sale_detail`
--
DELIMITER $$
CREATE TRIGGER `stock_min` AFTER INSERT ON `t_sale_detail` FOR EACH ROW BEGIN
	UPDATE p_item SET stock = stock - NEW.qty
    WHERE item_id = NEW.item_id;
END
$$
DELIMITER ;

-- --------------------------------------------------------

--
-- Table structure for table `t_stock`
--

CREATE TABLE `t_stock` (
  `stock_id` varchar(100) NOT NULL,
  `item_id` varchar(100) NOT NULL,
  `type` enum('in','out') NOT NULL,
  `detail` varchar(200) NOT NULL,
  `supplier_id` varchar(100) DEFAULT NULL,
  `qty` int(10) NOT NULL,
  `harga` int(11) NOT NULL,
  `date` date NOT NULL,
  `created` datetime NOT NULL DEFAULT CURRENT_TIMESTAMP,
  `user_id` varchar(100) NOT NULL,
  `outlet_id` varchar(100) NOT NULL
) ENGINE=InnoDB DEFAULT CHARSET=latin1;

-- --------------------------------------------------------

--
-- Table structure for table `user`
--

CREATE TABLE `user` (
  `user_id` varchar(100) NOT NULL,
  `name` varchar(50) NOT NULL,
  `telp` varchar(50) DEFAULT NULL,
  `address` varchar(255) DEFAULT NULL,
  `username` varchar(50) NOT NULL,
  `password` varchar(50) NOT NULL,
  `level` int(1) NOT NULL COMMENT '1:admin, 2:kasir',
  `created` datetime NOT NULL DEFAULT CURRENT_TIMESTAMP,
  `updated` datetime DEFAULT NULL,
  `outlet_id` varchar(100) DEFAULT NULL
) ENGINE=InnoDB DEFAULT CHARSET=latin1;

--
-- Dumping data for table `user`
--

INSERT INTO `user` (`user_id`, `name`, `telp`, `address`, `username`, `password`, `level`, `created`, `updated`, `outlet_id`) VALUES
('10052301040163', 'Fajar Ramadhan Akbar', '085156351862', 'Kapuas', 'admin', '356a192b7913b04c54574d18c28d46e6395428ab', 1, '2020-10-14 15:56:30', NULL, NULL);

--
-- Indexes for dumped tables
--

--
-- Indexes for table `outlet`
--
ALTER TABLE `outlet`
  ADD PRIMARY KEY (`outlet_id`);

--
-- Indexes for table `p_item`
--
ALTER TABLE `p_item`
  ADD PRIMARY KEY (`item_id`),
  ADD KEY `category_id` (`category_id`),
  ADD KEY `unit_id` (`unit_id`),
  ADD KEY `outlet_id` (`outlet_id`);

--
-- Indexes for table `p_kategori`
--
ALTER TABLE `p_kategori`
  ADD PRIMARY KEY (`category_id`);

--
-- Indexes for table `p_satuanbarang`
--
ALTER TABLE `p_satuanbarang`
  ADD PRIMARY KEY (`unit_id`);

--
-- Indexes for table `supplier`
--
ALTER TABLE `supplier`
  ADD PRIMARY KEY (`supplier_id`);

--
-- Indexes for table `t_cart`
--
ALTER TABLE `t_cart`
  ADD PRIMARY KEY (`cart_id`),
  ADD KEY `item_id` (`item_id`),
  ADD KEY `user_id` (`user_id`);

--
-- Indexes for table `t_sale`
--
ALTER TABLE `t_sale`
  ADD PRIMARY KEY (`sale_id`);

--
-- Indexes for table `t_sale_detail`
--
ALTER TABLE `t_sale_detail`
  ADD PRIMARY KEY (`detail_id`),
  ADD KEY `item_id` (`item_id`),
  ADD KEY `user_id` (`user_id`);

--
-- Indexes for table `t_stock`
--
ALTER TABLE `t_stock`
  ADD PRIMARY KEY (`stock_id`),
  ADD KEY `item_id` (`item_id`),
  ADD KEY `supplier_id` (`supplier_id`),
  ADD KEY `user_id` (`user_id`);

--
-- Indexes for table `user`
--
ALTER TABLE `user`
  ADD PRIMARY KEY (`user_id`);

--
-- Constraints for dumped tables
--

--
-- Constraints for table `p_item`
--
ALTER TABLE `p_item`
  ADD CONSTRAINT `p_item_ibfk_1` FOREIGN KEY (`unit_id`) REFERENCES `p_satuanbarang` (`unit_id`),
  ADD CONSTRAINT `p_item_ibfk_2` FOREIGN KEY (`category_id`) REFERENCES `p_kategori` (`category_id`),
  ADD CONSTRAINT `p_item_ibfk_3` FOREIGN KEY (`outlet_id`) REFERENCES `outlet` (`outlet_id`);

--
-- Constraints for table `t_cart`
--
ALTER TABLE `t_cart`
  ADD CONSTRAINT `t_cart_ibfk_1` FOREIGN KEY (`item_id`) REFERENCES `p_item` (`item_id`) ON DELETE CASCADE ON UPDATE CASCADE,
  ADD CONSTRAINT `t_cart_ibfk_2` FOREIGN KEY (`user_id`) REFERENCES `user` (`user_id`) ON DELETE CASCADE ON UPDATE CASCADE;

--
-- Constraints for table `t_stock`
--
ALTER TABLE `t_stock`
  ADD CONSTRAINT `t_stock_ibfk_1` FOREIGN KEY (`supplier_id`) REFERENCES `supplier` (`supplier_id`),
  ADD CONSTRAINT `t_stock_ibfk_2` FOREIGN KEY (`user_id`) REFERENCES `user` (`user_id`),
  ADD CONSTRAINT `t_stock_ibfk_3` FOREIGN KEY (`item_id`) REFERENCES `p_item` (`item_id`) ON DELETE CASCADE ON UPDATE CASCADE;
COMMIT;

/*!40101 SET CHARACTER_SET_CLIENT=@OLD_CHARACTER_SET_CLIENT */;
/*!40101 SET CHARACTER_SET_RESULTS=@OLD_CHARACTER_SET_RESULTS */;
/*!40101 SET COLLATION_CONNECTION=@OLD_COLLATION_CONNECTION */;
